subject_name,set_name,peak_image_filename,class,missing_tags
/home/ubuntu/cohn-kanade-images/S010,/home/ubuntu/cohn-kanade-images/S010/001,/home/ubuntu/cohn-kanade-images/S010/001/S010_001_00000014.png,fear,"sadness,fear,disgust,contempt"
/home/ubuntu/cohn-kanade-images/S010,/home/ubuntu/cohn-kanade-images/S010/003,/home/ubuntu/cohn-kanade-images/S010/003/S010_003_00000018.png,sadness,"sadness,fear,disgust,contempt"
/home/ubuntu/cohn-kanade-images/S010,/home/ubuntu/cohn-kanade-images/S010/005,/home/ubuntu/cohn-kanade-images/S010/005/S010_005_00000016.png,disgust,"sadness,fear,disgust,contempt"
/home/ubuntu/cohn-kanade-images/S014,/home/ubuntu/cohn-kanade-images/S014/004,/home/ubuntu/cohn-kanade-images/S014/004/S014_004_00000019.png,contempt,"fear,disgust,contempt"
/home/ubuntu/cohn-kanade-images/S022,/home/ubuntu/cohn-kanade-images/S022/002,/home/ubuntu/cohn-kanade-images/S022/002/S022_002_00000017.png,sadness,"sadness,fear,happy,contempt"
/home/ubuntu/cohn-kanade-images/S022,/home/ubuntu/cohn-kanade-images/S022/003,/home/ubuntu/cohn-kanade-images/S022/003/S022_003_00000033.png,happy,"sadness,fear,happy,contempt"
/home/ubuntu/cohn-kanade-images/S022,/home/ubuntu/cohn-kanade-images/S022/004,/home/ubuntu/cohn-kanade-images/S022/004/S022_004_00000023.png,contempt,"sadness,fear,happy,contempt"
/home/ubuntu/cohn-kanade-images/S026,/home/ubuntu/cohn-kanade-images/S026/004,/home/ubuntu/cohn-kanade-images/S026/004/S026_004_00000012.png,disgust,"fear,disgust,contempt"
/home/ubuntu/cohn-kanade-images/S026,/home/ubuntu/cohn-kanade-images/S026/005,/home/ubuntu/cohn-kanade-images/S026/005/S026_005_00000014.png,contempt,"fear,disgust,contempt"
/home/ubuntu/cohn-kanade-images/S032,/home/ubuntu/cohn-kanade-images/S032/002,/home/ubuntu/cohn-kanade-images/S032/002/S032_002_00000021.png,sadness,"sadness,contempt"
/home/ubuntu/cohn-kanade-images/S034,/home/ubuntu/cohn-kanade-images/S034/002,/home/ubuntu/cohn-kanade-images/S034/002/S034_002_00000033.png,sadness,"sadness,fear,disgust,contempt"
/home/ubuntu/cohn-kanade-images/S034,/home/ubuntu/cohn-kanade-images/S034/004,/home/ubuntu/cohn-kanade-images/S034/004/S034_004_00000037.png,contempt,"sadness,fear,disgust,contempt"
/home/ubuntu/cohn-kanade-images/S035,/home/ubuntu/cohn-kanade-images/S035/002,/home/ubuntu/cohn-kanade-images/S035/002/S035_002_00000010.png,contempt,"sadness,anger,fear,contempt"
/home/ubuntu/cohn-kanade-images/S035,/home/ubuntu/cohn-kanade-images/S035/003,/home/ubuntu/cohn-kanade-images/S035/003/S035_003_00000015.png,anger,"sadness,anger,fear,contempt"
/home/ubuntu/cohn-kanade-images/S035,/home/ubuntu/cohn-kanade-images/S035/004,/home/ubuntu/cohn-kanade-images/S035/004/S035_004_00000016.png,anger,"sadness,anger,fear,contempt"
/home/ubuntu/cohn-kanade-images/S037,/home/ubuntu/cohn-kanade-images/S037/002,/home/ubuntu/cohn-kanade-images/S037/002/S037_002_00000017.png,sadness,"sadness,fear,disgust,contempt"
/home/ubuntu/cohn-kanade-images/S037,/home/ubuntu/cohn-kanade-images/S037/004,/home/ubuntu/cohn-kanade-images/S037/004/S037_004_00000066.png,contempt,"sadness,fear,disgust,contempt"
/home/ubuntu/cohn-kanade-images/S037,/home/ubuntu/cohn-kanade-images/S037/005,/home/ubuntu/cohn-kanade-images/S037/005/S037_005_00000022.png,fear,"sadness,fear,disgust,contempt"
/home/ubuntu/cohn-kanade-images/S042,/home/ubuntu/cohn-kanade-images/S042/003,/home/ubuntu/cohn-kanade-images/S042/003/S042_003_00000014.png,contempt,"fear,disgust,contempt"
/home/ubuntu/cohn-kanade-images/S042,/home/ubuntu/cohn-kanade-images/S042/005,/home/ubuntu/cohn-kanade-images/S042/005/S042_005_00000019.png,disgust,"fear,disgust,contempt"
/home/ubuntu/cohn-kanade-images/S044,/home/ubuntu/cohn-kanade-images/S044/002,/home/ubuntu/cohn-kanade-images/S044/002/S044_002_00000018.png,fear,"sadness,anger,fear,contempt"
/home/ubuntu/cohn-kanade-images/S044,/home/ubuntu/cohn-kanade-images/S044/004,/home/ubuntu/cohn-kanade-images/S044/004/S044_004_00000029.png,sadness,"sadness,anger,fear,contempt"
/home/ubuntu/cohn-kanade-images/S044,/home/ubuntu/cohn-kanade-images/S044/005,/home/ubuntu/cohn-kanade-images/S044/005/S044_005_00000029.png,anger,"sadness,anger,fear,contempt"
/home/ubuntu/cohn-kanade-images/S045,/home/ubuntu/cohn-kanade-images/S045/001,/home/ubuntu/cohn-kanade-images/S045/001/S045_001_00000030.png,surprise,"sadness,surprise,fear,happy,contempt"
/home/ubuntu/cohn-kanade-images/S045,/home/ubuntu/cohn-kanade-images/S045/002,/home/ubuntu/cohn-kanade-images/S045/002/S045_002_00000014.png,sadness,"sadness,surprise,fear,happy,contempt"
/home/ubuntu/cohn-kanade-images/S045,/home/ubuntu/cohn-kanade-images/S045/003,/home/ubuntu/cohn-kanade-images/S045/003/S045_003_00000017.png,happy,"sadness,surprise,fear,happy,contempt"
/home/ubuntu/cohn-kanade-images/S046,/home/ubuntu/cohn-kanade-images/S046/005,/home/ubuntu/cohn-kanade-images/S046/005/S046_005_00000023.png,happy,"anger,contempt,happy"
/home/ubuntu/cohn-kanade-images/S050,/home/ubuntu/cohn-kanade-images/S050/003,/home/ubuntu/cohn-kanade-images/S050/003/S050_003_00000021.png,sadness,"sadness,contempt,disgust"
/home/ubuntu/cohn-kanade-images/S050,/home/ubuntu/cohn-kanade-images/S050/005,/home/ubuntu/cohn-kanade-images/S050/005/S050_005_00000013.png,disgust,"sadness,contempt,disgust"
/home/ubuntu/cohn-kanade-images/S051,/home/ubuntu/cohn-kanade-images/S051/001,/home/ubuntu/cohn-kanade-images/S051/001/S051_001_00000024.png,contempt,"sadness,anger,fear,happy,contempt"
/home/ubuntu/cohn-kanade-images/S052,/home/ubuntu/cohn-kanade-images/S052/002,/home/ubuntu/cohn-kanade-images/S052/002/S052_002_00000022.png,sadness,"sadness,anger,fear,contempt"
/home/ubuntu/cohn-kanade-images/S052,/home/ubuntu/cohn-kanade-images/S052/003,/home/ubuntu/cohn-kanade-images/S052/003/S052_003_00000019.png,contempt,"sadness,anger,fear,contempt"
/home/ubuntu/cohn-kanade-images/S053,/home/ubuntu/cohn-kanade-images/S053/003,/home/ubuntu/cohn-kanade-images/S053/003/S053_003_00000065.png,contempt,"sadness,anger,fear,disgust,contempt"
/home/ubuntu/cohn-kanade-images/S054,/home/ubuntu/cohn-kanade-images/S054/001,/home/ubuntu/cohn-kanade-images/S054/001/S054_001_00000020.png,happy,"sadness,anger,contempt,happy"
/home/ubuntu/cohn-kanade-images/S055,/home/ubuntu/cohn-kanade-images/S055/002,/home/ubuntu/cohn-kanade-images/S055/002/S055_002_00000025.png,sadness,"sadness,contempt"
/home/ubuntu/cohn-kanade-images/S056,/home/ubuntu/cohn-kanade-images/S056/001,/home/ubuntu/cohn-kanade-images/S056/001/S056_001_00000016.png,contempt,"sadness,anger,fear,contempt"
/home/ubuntu/cohn-kanade-images/S057,/home/ubuntu/cohn-kanade-images/S057/002,/home/ubuntu/cohn-kanade-images/S057/002/S057_002_00000015.png,sadness,"sadness,anger,fear,contempt"
/home/ubuntu/cohn-kanade-images/S057,/home/ubuntu/cohn-kanade-images/S057/004,/home/ubuntu/cohn-kanade-images/S057/004/S057_004_00000020.png,fear,"sadness,anger,fear,contempt"
/home/ubuntu/cohn-kanade-images/S057,/home/ubuntu/cohn-kanade-images/S057/005,/home/ubuntu/cohn-kanade-images/S057/005/S057_005_00000035.png,anger,"sadness,anger,fear,contempt"
/home/ubuntu/cohn-kanade-images/S058,/home/ubuntu/cohn-kanade-images/S058/002,/home/ubuntu/cohn-kanade-images/S058/002/S058_002_00000022.png,happy,"sadness,fear,happy,contempt"
/home/ubuntu/cohn-kanade-images/S058,/home/ubuntu/cohn-kanade-images/S058/003,/home/ubuntu/cohn-kanade-images/S058/003/S058_003_00000015.png,contempt,"sadness,fear,happy,contempt"
/home/ubuntu/cohn-kanade-images/S059,/home/ubuntu/cohn-kanade-images/S059/003,/home/ubuntu/cohn-kanade-images/S059/003/S059_003_00000036.png,disgust,"sadness,anger,contempt,disgust,happy"
/home/ubuntu/cohn-kanade-images/S060,/home/ubuntu/cohn-kanade-images/S060/001,/home/ubuntu/cohn-kanade-images/S060/001/S060_001_00000020.png,contempt,"sadness,anger,fear,contempt"
/home/ubuntu/cohn-kanade-images/S062,/home/ubuntu/cohn-kanade-images/S062/003,/home/ubuntu/cohn-kanade-images/S062/003/S062_003_00000024.png,contempt,"sadness,anger,contempt"
/home/ubuntu/cohn-kanade-images/S064,/home/ubuntu/cohn-kanade-images/S064/002,/home/ubuntu/cohn-kanade-images/S064/002/S064_002_00000029.png,contempt,"anger,fear,disgust,contempt"
/home/ubuntu/cohn-kanade-images/S065,/home/ubuntu/cohn-kanade-images/S065/001,/home/ubuntu/cohn-kanade-images/S065/001/S065_001_00000018.png,contempt,"sadness,anger,contempt"
/home/ubuntu/cohn-kanade-images/S066,/home/ubuntu/cohn-kanade-images/S066/001,/home/ubuntu/cohn-kanade-images/S066/001/S066_001_00000009.png,fear,"fear,disgust,contempt"
/home/ubuntu/cohn-kanade-images/S067,/home/ubuntu/cohn-kanade-images/S067/001,/home/ubuntu/cohn-kanade-images/S067/001/S067_001_00000021.png,contempt,"sadness,fear,contempt"
/home/ubuntu/cohn-kanade-images/S067,/home/ubuntu/cohn-kanade-images/S067/003,/home/ubuntu/cohn-kanade-images/S067/003/S067_003_00000018.png,fear,"sadness,fear,contempt"
/home/ubuntu/cohn-kanade-images/S068,/home/ubuntu/cohn-kanade-images/S068/001,/home/ubuntu/cohn-kanade-images/S068/001/S068_001_00000024.png,sadness,"sadness,anger,contempt"
/home/ubuntu/cohn-kanade-images/S069,/home/ubuntu/cohn-kanade-images/S069/001,/home/ubuntu/cohn-kanade-images/S069/001/S069_001_00000018.png,sadness,"sadness,anger,fear,contempt"
/home/ubuntu/cohn-kanade-images/S069,/home/ubuntu/cohn-kanade-images/S069/005,/home/ubuntu/cohn-kanade-images/S069/005/S069_005_00000023.png,contempt,"sadness,anger,fear,contempt"
/home/ubuntu/cohn-kanade-images/S070,/home/ubuntu/cohn-kanade-images/S070/001,/home/ubuntu/cohn-kanade-images/S070/001/S070_001_00000020.png,fear,"sadness,anger,fear,contempt"
/home/ubuntu/cohn-kanade-images/S071,/home/ubuntu/cohn-kanade-images/S071/003,/home/ubuntu/cohn-kanade-images/S071/003/S071_003_00000022.png,fear,"fear,contempt"
/home/ubuntu/cohn-kanade-images/S072,/home/ubuntu/cohn-kanade-images/S072/001,/home/ubuntu/cohn-kanade-images/S072/001/S072_001_00000017.png,disgust,"sadness,surprise,fear,disgust,contempt"
/home/ubuntu/cohn-kanade-images/S072,/home/ubuntu/cohn-kanade-images/S072/002,/home/ubuntu/cohn-kanade-images/S072/002/S072_002_00000016.png,sadness,"sadness,surprise,fear,disgust,contempt"
/home/ubuntu/cohn-kanade-images/S072,/home/ubuntu/cohn-kanade-images/S072/003,/home/ubuntu/cohn-kanade-images/S072/003/S072_003_00000013.png,contempt,"sadness,surprise,fear,disgust,contempt"
/home/ubuntu/cohn-kanade-images/S072,/home/ubuntu/cohn-kanade-images/S072/004,/home/ubuntu/cohn-kanade-images/S072/004/S072_004_00000008.png,surprise,"sadness,surprise,fear,disgust,contempt"
/home/ubuntu/cohn-kanade-images/S073,/home/ubuntu/cohn-kanade-images/S073/002,/home/ubuntu/cohn-kanade-images/S073/002/S073_002_00000029.png,happy,"sadness,anger,fear,happy,contempt"
/home/ubuntu/cohn-kanade-images/S073,/home/ubuntu/cohn-kanade-images/S073/003,/home/ubuntu/cohn-kanade-images/S073/003/S073_003_00000028.png,sadness,"sadness,anger,fear,happy,contempt"
/home/ubuntu/cohn-kanade-images/S073,/home/ubuntu/cohn-kanade-images/S073/004,/home/ubuntu/cohn-kanade-images/S073/004/S073_004_00000014.png,contempt,"sadness,anger,fear,happy,contempt"
/home/ubuntu/cohn-kanade-images/S073,/home/ubuntu/cohn-kanade-images/S073/005,/home/ubuntu/cohn-kanade-images/S073/005/S073_005_00000021.png,fear,"sadness,anger,fear,happy,contempt"
/home/ubuntu/cohn-kanade-images/S074,/home/ubuntu/cohn-kanade-images/S074/003,/home/ubuntu/cohn-kanade-images/S074/003/S074_003_00000015.png,contempt,"sadness,anger,contempt"
/home/ubuntu/cohn-kanade-images/S075,/home/ubuntu/cohn-kanade-images/S075/001,/home/ubuntu/cohn-kanade-images/S075/001/S075_001_00000013.png,contempt,"sadness,fear,contempt"
/home/ubuntu/cohn-kanade-images/S075,/home/ubuntu/cohn-kanade-images/S075/003,/home/ubuntu/cohn-kanade-images/S075/003/S075_003_00000004.png,sadness,"sadness,fear,contempt"
/home/ubuntu/cohn-kanade-images/S075,/home/ubuntu/cohn-kanade-images/S075/004,/home/ubuntu/cohn-kanade-images/S075/004/S075_004_00000012.png,contempt,"sadness,fear,contempt"
/home/ubuntu/cohn-kanade-images/S075,/home/ubuntu/cohn-kanade-images/S075/007,/home/ubuntu/cohn-kanade-images/S075/007/S075_007_00000022.png,fear,"sadness,fear,contempt"
/home/ubuntu/cohn-kanade-images/S076,/home/ubuntu/cohn-kanade-images/S076/002,/home/ubuntu/cohn-kanade-images/S076/002/S076_002_00000009.png,anger,"sadness,anger,fear,contempt"
/home/ubuntu/cohn-kanade-images/S076,/home/ubuntu/cohn-kanade-images/S076/003,/home/ubuntu/cohn-kanade-images/S076/003/S076_003_00000018.png,sadness,"sadness,anger,fear,contempt"
/home/ubuntu/cohn-kanade-images/S076,/home/ubuntu/cohn-kanade-images/S076/004,/home/ubuntu/cohn-kanade-images/S076/004/S076_004_00000009.png,contempt,"sadness,anger,fear,contempt"
/home/ubuntu/cohn-kanade-images/S077,/home/ubuntu/cohn-kanade-images/S077/002,/home/ubuntu/cohn-kanade-images/S077/002/S077_002_00000033.png,happy,"sadness,anger,fear,happy,contempt"
/home/ubuntu/cohn-kanade-images/S077,/home/ubuntu/cohn-kanade-images/S077/003,/home/ubuntu/cohn-kanade-images/S077/003/S077_003_00000011.png,sadness,"sadness,anger,fear,happy,contempt"
/home/ubuntu/cohn-kanade-images/S077,/home/ubuntu/cohn-kanade-images/S077/004,/home/ubuntu/cohn-kanade-images/S077/004/S077_004_00000008.png,contempt,"sadness,anger,fear,happy,contempt"
/home/ubuntu/cohn-kanade-images/S077,/home/ubuntu/cohn-kanade-images/S077/005,/home/ubuntu/cohn-kanade-images/S077/005/S077_005_00000020.png,fear,"sadness,anger,fear,happy,contempt"
/home/ubuntu/cohn-kanade-images/S077,/home/ubuntu/cohn-kanade-images/S077/007,/home/ubuntu/cohn-kanade-images/S077/007/S077_007_00000029.png,anger,"sadness,anger,fear,happy,contempt"
/home/ubuntu/cohn-kanade-images/S078,/home/ubuntu/cohn-kanade-images/S078/002,/home/ubuntu/cohn-kanade-images/S078/002/S078_002_00000017.png,sadness,"sadness,anger,fear,contempt"
/home/ubuntu/cohn-kanade-images/S078,/home/ubuntu/cohn-kanade-images/S078/003,/home/ubuntu/cohn-kanade-images/S078/003/S078_003_00000019.png,fear,"sadness,anger,fear,contempt"
/home/ubuntu/cohn-kanade-images/S078,/home/ubuntu/cohn-kanade-images/S078/005,/home/ubuntu/cohn-kanade-images/S078/005/S078_005_00000022.png,contempt,"sadness,anger,fear,contempt"
/home/ubuntu/cohn-kanade-images/S078,/home/ubuntu/cohn-kanade-images/S078/006,/home/ubuntu/cohn-kanade-images/S078/006/S078_006_00000020.png,anger,"sadness,anger,fear,contempt"
/home/ubuntu/cohn-kanade-images/S079,/home/ubuntu/cohn-kanade-images/S079/003,/home/ubuntu/cohn-kanade-images/S079/003/S079_003_00000016.png,fear,"sadness,anger,fear,contempt"
/home/ubuntu/cohn-kanade-images/S080,/home/ubuntu/cohn-kanade-images/S080/002,/home/ubuntu/cohn-kanade-images/S080/002/S080_002_00000013.png,happy,"anger,fear,happy,contempt"
/home/ubuntu/cohn-kanade-images/S080,/home/ubuntu/cohn-kanade-images/S080/003,/home/ubuntu/cohn-kanade-images/S080/003/S080_003_00000010.png,contempt,"anger,fear,happy,contempt"
/home/ubuntu/cohn-kanade-images/S080,/home/ubuntu/cohn-kanade-images/S080/004,/home/ubuntu/cohn-kanade-images/S080/004/S080_004_00000014.png,anger,"anger,fear,happy,contempt"
/home/ubuntu/cohn-kanade-images/S081,/home/ubuntu/cohn-kanade-images/S081/003,/home/ubuntu/cohn-kanade-images/S081/003/S081_003_00000025.png,sadness,"anger,fear,happy,contempt"
/home/ubuntu/cohn-kanade-images/S081,/home/ubuntu/cohn-kanade-images/S081/004,/home/ubuntu/cohn-kanade-images/S081/004/S081_004_00000015.png,contempt,"anger,fear,happy,contempt"
/home/ubuntu/cohn-kanade-images/S081,/home/ubuntu/cohn-kanade-images/S081/005,/home/ubuntu/cohn-kanade-images/S081/005/S081_005_00000019.png,happy,"anger,fear,happy,contempt"
/home/ubuntu/cohn-kanade-images/S082,/home/ubuntu/cohn-kanade-images/S082/002,/home/ubuntu/cohn-kanade-images/S082/002/S082_002_00000025.png,sadness,"sadness,fear,happy,contempt"
/home/ubuntu/cohn-kanade-images/S082,/home/ubuntu/cohn-kanade-images/S082/003,/home/ubuntu/cohn-kanade-images/S082/003/S082_003_00000018.png,sadness,"sadness,fear,happy,contempt"
/home/ubuntu/cohn-kanade-images/S082,/home/ubuntu/cohn-kanade-images/S082/004,/home/ubuntu/cohn-kanade-images/S082/004/S082_004_00000013.png,fear,"sadness,fear,happy,contempt"
/home/ubuntu/cohn-kanade-images/S082,/home/ubuntu/cohn-kanade-images/S082/006,/home/ubuntu/cohn-kanade-images/S082/006/S082_006_00000021.png,fear,"sadness,fear,happy,contempt"
/home/ubuntu/cohn-kanade-images/S083,/home/ubuntu/cohn-kanade-images/S083/001,/home/ubuntu/cohn-kanade-images/S083/001/S083_001_00000018.png,sadness,"fear,anger,contempt,sadness,surprise,disgust"
/home/ubuntu/cohn-kanade-images/S083,/home/ubuntu/cohn-kanade-images/S083/002,/home/ubuntu/cohn-kanade-images/S083/002/S083_002_00000012.png,contempt,"fear,anger,contempt,sadness,surprise,disgust"
/home/ubuntu/cohn-kanade-images/S083,/home/ubuntu/cohn-kanade-images/S083/004,/home/ubuntu/cohn-kanade-images/S083/004/S083_004_00000010.png,fear,"fear,anger,contempt,sadness,surprise,disgust"
/home/ubuntu/cohn-kanade-images/S084,/home/ubuntu/cohn-kanade-images/S084/004,/home/ubuntu/cohn-kanade-images/S084/004/S084_004_00000017.png,contempt,"sadness,anger,contempt,disgust,happy"
/home/ubuntu/cohn-kanade-images/S085,/home/ubuntu/cohn-kanade-images/S085/001,/home/ubuntu/cohn-kanade-images/S085/001/S085_001_00000017.png,sadness,"sadness,anger,fear,contempt"
/home/ubuntu/cohn-kanade-images/S087,/home/ubuntu/cohn-kanade-images/S087/002,/home/ubuntu/cohn-kanade-images/S087/002/S087_002_00000020.png,sadness,"sadness,fear,contempt"
/home/ubuntu/cohn-kanade-images/S087,/home/ubuntu/cohn-kanade-images/S087/003,/home/ubuntu/cohn-kanade-images/S087/003/S087_003_00000013.png,contempt,"sadness,fear,contempt"
/home/ubuntu/cohn-kanade-images/S087,/home/ubuntu/cohn-kanade-images/S087/006,/home/ubuntu/cohn-kanade-images/S087/006/S087_006_00000012.png,fear,"sadness,fear,contempt"
/home/ubuntu/cohn-kanade-images/S088,/home/ubuntu/cohn-kanade-images/S088/002,/home/ubuntu/cohn-kanade-images/S088/002/S088_002_00000017.png,fear,"sadness,anger,fear,happy,contempt"
/home/ubuntu/cohn-kanade-images/S088,/home/ubuntu/cohn-kanade-images/S088/003,/home/ubuntu/cohn-kanade-images/S088/003/S088_003_00000018.png,contempt,"sadness,anger,fear,happy,contempt"
/home/ubuntu/cohn-kanade-images/S091,/home/ubuntu/cohn-kanade-images/S091/002,/home/ubuntu/cohn-kanade-images/S091/002/S091_002_00000007.png,contempt,"sadness,anger,contempt,disgust,surprise"
/home/ubuntu/cohn-kanade-images/S092,/home/ubuntu/cohn-kanade-images/S092/002,/home/ubuntu/cohn-kanade-images/S092/002/S092_002_00000011.png,contempt,"sadness,fear,disgust,contempt"
/home/ubuntu/cohn-kanade-images/S093,/home/ubuntu/cohn-kanade-images/S093/002,/home/ubuntu/cohn-kanade-images/S093/002/S093_002_00000024.png,fear,"anger,fear,disgust,surprise,contempt"
/home/ubuntu/cohn-kanade-images/S093,/home/ubuntu/cohn-kanade-images/S093/003,/home/ubuntu/cohn-kanade-images/S093/003/S093_003_00000012.png,contempt,"anger,fear,disgust,surprise,contempt"
/home/ubuntu/cohn-kanade-images/S094,/home/ubuntu/cohn-kanade-images/S094/003,/home/ubuntu/cohn-kanade-images/S094/003/S094_003_00000013.png,anger,"sadness,anger,fear,disgust,contempt"
/home/ubuntu/cohn-kanade-images/S095,/home/ubuntu/cohn-kanade-images/S095/002,/home/ubuntu/cohn-kanade-images/S095/002/S095_002_00000015.png,anger,"anger,fear,contempt"
/home/ubuntu/cohn-kanade-images/S095,/home/ubuntu/cohn-kanade-images/S095/003,/home/ubuntu/cohn-kanade-images/S095/003/S095_003_00000011.png,fear,"anger,fear,contempt"
/home/ubuntu/cohn-kanade-images/S095,/home/ubuntu/cohn-kanade-images/S095/004,/home/ubuntu/cohn-kanade-images/S095/004/S095_004_00000014.png,contempt,"anger,fear,contempt"
/home/ubuntu/cohn-kanade-images/S095,/home/ubuntu/cohn-kanade-images/S095/005,/home/ubuntu/cohn-kanade-images/S095/005/S095_005_00000016.png,surprise,"anger,fear,contempt"
/home/ubuntu/cohn-kanade-images/S096,/home/ubuntu/cohn-kanade-images/S096/002,/home/ubuntu/cohn-kanade-images/S096/002/S096_002_00000006.png,contempt,"sadness,anger,fear,contempt"
/home/ubuntu/cohn-kanade-images/S097,/home/ubuntu/cohn-kanade-images/S097/002,/home/ubuntu/cohn-kanade-images/S097/002/S097_002_00000009.png,contempt,"sadness,anger,fear,contempt"
/home/ubuntu/cohn-kanade-images/S097,/home/ubuntu/cohn-kanade-images/S097/003,/home/ubuntu/cohn-kanade-images/S097/003/S097_003_00000053.png,fear,"sadness,anger,fear,contempt"
/home/ubuntu/cohn-kanade-images/S097,/home/ubuntu/cohn-kanade-images/S097/005,/home/ubuntu/cohn-kanade-images/S097/005/S097_005_00000010.png,sadness,"sadness,anger,fear,contempt"
/home/ubuntu/cohn-kanade-images/S098,/home/ubuntu/cohn-kanade-images/S098/001,/home/ubuntu/cohn-kanade-images/S098/001/S098_001_00000028.png,sadness,"sadness,anger,fear,surprise,contempt"
/home/ubuntu/cohn-kanade-images/S098,/home/ubuntu/cohn-kanade-images/S098/002,/home/ubuntu/cohn-kanade-images/S098/002/S098_002_00000010.png,surprise,"sadness,anger,fear,surprise,contempt"
/home/ubuntu/cohn-kanade-images/S099,/home/ubuntu/cohn-kanade-images/S099/002,/home/ubuntu/cohn-kanade-images/S099/002/S099_002_00000020.png,fear,"sadness,anger,fear,contempt"
/home/ubuntu/cohn-kanade-images/S099,/home/ubuntu/cohn-kanade-images/S099/003,/home/ubuntu/cohn-kanade-images/S099/003/S099_003_00000014.png,contempt,"sadness,anger,fear,contempt"
/home/ubuntu/cohn-kanade-images/S100,/home/ubuntu/cohn-kanade-images/S100/001,/home/ubuntu/cohn-kanade-images/S100/001/S100_001_00000014.png,fear,"sadness,fear,disgust,contempt"
/home/ubuntu/cohn-kanade-images/S100,/home/ubuntu/cohn-kanade-images/S100/003,/home/ubuntu/cohn-kanade-images/S100/003/S100_003_00000013.png,sadness,"sadness,fear,disgust,contempt"
/home/ubuntu/cohn-kanade-images/S100,/home/ubuntu/cohn-kanade-images/S100/004,/home/ubuntu/cohn-kanade-images/S100/004/S100_004_00000005.png,contempt,"sadness,fear,disgust,contempt"
/home/ubuntu/cohn-kanade-images/S101,/home/ubuntu/cohn-kanade-images/S101/001,/home/ubuntu/cohn-kanade-images/S101/001/S101_001_00000017.png,fear,"fear,happy,anger,contempt,sadness,disgust"
/home/ubuntu/cohn-kanade-images/S101,/home/ubuntu/cohn-kanade-images/S101/003,/home/ubuntu/cohn-kanade-images/S101/003/S101_003_00000025.png,sadness,"fear,happy,anger,contempt,sadness,disgust"
/home/ubuntu/cohn-kanade-images/S101,/home/ubuntu/cohn-kanade-images/S101/004,/home/ubuntu/cohn-kanade-images/S101/004/S101_004_00000018.png,happy,"fear,happy,anger,contempt,sadness,disgust"
/home/ubuntu/cohn-kanade-images/S101,/home/ubuntu/cohn-kanade-images/S101/005,/home/ubuntu/cohn-kanade-images/S101/005/S101_005_00000006.png,contempt,"fear,happy,anger,contempt,sadness,disgust"
/home/ubuntu/cohn-kanade-images/S102,/home/ubuntu/cohn-kanade-images/S102/001,/home/ubuntu/cohn-kanade-images/S102/001/S102_001_00000016.png,fear,"sadness,anger,contempt,happy"
/home/ubuntu/cohn-kanade-images/S102,/home/ubuntu/cohn-kanade-images/S102/004,/home/ubuntu/cohn-kanade-images/S102/004/S102_004_00000023.png,happy,"sadness,anger,contempt,happy"
/home/ubuntu/cohn-kanade-images/S102,/home/ubuntu/cohn-kanade-images/S102/005,/home/ubuntu/cohn-kanade-images/S102/005/S102_005_00000009.png,contempt,"sadness,anger,contempt,happy"
/home/ubuntu/cohn-kanade-images/S102,/home/ubuntu/cohn-kanade-images/S102/006,/home/ubuntu/cohn-kanade-images/S102/006/S102_006_00000015.png,sadness,"sadness,anger,contempt,happy"
/home/ubuntu/cohn-kanade-images/S102,/home/ubuntu/cohn-kanade-images/S102/007,/home/ubuntu/cohn-kanade-images/S102/007/S102_007_00000015.png,fear,"sadness,anger,contempt,happy"
/home/ubuntu/cohn-kanade-images/S102,/home/ubuntu/cohn-kanade-images/S102/008,/home/ubuntu/cohn-kanade-images/S102/008/S102_008_00000029.png,surprise,"sadness,anger,contempt,happy"
/home/ubuntu/cohn-kanade-images/S103,/home/ubuntu/cohn-kanade-images/S103/001,/home/ubuntu/cohn-kanade-images/S103/001/S103_001_00000016.png,surprise,"sadness,surprise,fear,happy,anger,contempt,disgust"
/home/ubuntu/cohn-kanade-images/S103,/home/ubuntu/cohn-kanade-images/S103/002,/home/ubuntu/cohn-kanade-images/S103/002/S103_002_00000026.png,happy,"sadness,surprise,fear,happy,anger,contempt,disgust"
/home/ubuntu/cohn-kanade-images/S103,/home/ubuntu/cohn-kanade-images/S103/003,/home/ubuntu/cohn-kanade-images/S103/003/S103_003_00000024.png,contempt,"sadness,surprise,fear,happy,anger,contempt,disgust"
/home/ubuntu/cohn-kanade-images/S103,/home/ubuntu/cohn-kanade-images/S103/006,/home/ubuntu/cohn-kanade-images/S103/006/S103_006_00000016.png,fear,"sadness,surprise,fear,happy,anger,contempt,disgust"
/home/ubuntu/cohn-kanade-images/S103,/home/ubuntu/cohn-kanade-images/S103/007,/home/ubuntu/cohn-kanade-images/S103/007/S103_007_00000023.png,anger,"sadness,surprise,fear,happy,anger,contempt,disgust"
/home/ubuntu/cohn-kanade-images/S103,/home/ubuntu/cohn-kanade-images/S103/008,/home/ubuntu/cohn-kanade-images/S103/008/S103_008_00000015.png,disgust,"sadness,surprise,fear,happy,anger,contempt,disgust"
/home/ubuntu/cohn-kanade-images/S104,/home/ubuntu/cohn-kanade-images/S104/001,/home/ubuntu/cohn-kanade-images/S104/001/S104_001_00000028.png,happy,"sadness,surprise,fear,happy,anger,contempt,disgust"
/home/ubuntu/cohn-kanade-images/S104,/home/ubuntu/cohn-kanade-images/S104/002,/home/ubuntu/cohn-kanade-images/S104/002/S104_002_00000023.png,happy,"sadness,surprise,fear,happy,anger,contempt,disgust"
/home/ubuntu/cohn-kanade-images/S104,/home/ubuntu/cohn-kanade-images/S104/003,/home/ubuntu/cohn-kanade-images/S104/003/S104_003_00000012.png,contempt,"sadness,surprise,fear,happy,anger,contempt,disgust"
/home/ubuntu/cohn-kanade-images/S105,/home/ubuntu/cohn-kanade-images/S105/001,/home/ubuntu/cohn-kanade-images/S105/001/S105_001_00000014.png,sadness,"fear,happy,anger,contempt,sadness,surprise"
/home/ubuntu/cohn-kanade-images/S105,/home/ubuntu/cohn-kanade-images/S105/002,/home/ubuntu/cohn-kanade-images/S105/002/S105_002_00000024.png,sadness,"fear,happy,anger,contempt,sadness,surprise"
/home/ubuntu/cohn-kanade-images/S105,/home/ubuntu/cohn-kanade-images/S105/003,/home/ubuntu/cohn-kanade-images/S105/003/S105_003_00000022.png,happy,"fear,happy,anger,contempt,sadness,surprise"
/home/ubuntu/cohn-kanade-images/S105,/home/ubuntu/cohn-kanade-images/S105/004,/home/ubuntu/cohn-kanade-images/S105/004/S105_004_00000027.png,happy,"fear,happy,anger,contempt,sadness,surprise"
/home/ubuntu/cohn-kanade-images/S105,/home/ubuntu/cohn-kanade-images/S105/005,/home/ubuntu/cohn-kanade-images/S105/005/S105_005_00000012.png,contempt,"fear,happy,anger,contempt,sadness,surprise"
/home/ubuntu/cohn-kanade-images/S105,/home/ubuntu/cohn-kanade-images/S105/006,/home/ubuntu/cohn-kanade-images/S105/006/S105_006_00000021.png,anger,"fear,happy,anger,contempt,sadness,surprise"
/home/ubuntu/cohn-kanade-images/S105,/home/ubuntu/cohn-kanade-images/S105/007,/home/ubuntu/cohn-kanade-images/S105/007/S105_007_00000030.png,disgust,"fear,happy,anger,contempt,sadness,surprise"
/home/ubuntu/cohn-kanade-images/S106,/home/ubuntu/cohn-kanade-images/S106/001,/home/ubuntu/cohn-kanade-images/S106/001/S106_001_00000018.png,surprise,"anger,fear,surprise,contempt"
/home/ubuntu/cohn-kanade-images/S106,/home/ubuntu/cohn-kanade-images/S106/003,/home/ubuntu/cohn-kanade-images/S106/003/S106_003_00000012.png,contempt,"anger,fear,surprise,contempt"
/home/ubuntu/cohn-kanade-images/S106,/home/ubuntu/cohn-kanade-images/S106/005,/home/ubuntu/cohn-kanade-images/S106/005/S106_005_00000035.png,anger,"anger,fear,surprise,contempt"
/home/ubuntu/cohn-kanade-images/S106,/home/ubuntu/cohn-kanade-images/S106/007,/home/ubuntu/cohn-kanade-images/S106/007/S106_007_00000016.png,happy,"anger,fear,surprise,contempt"
/home/ubuntu/cohn-kanade-images/S107,/home/ubuntu/cohn-kanade-images/S107/002,/home/ubuntu/cohn-kanade-images/S107/002/S107_002_00000017.png,happy,"sadness,anger,fear,happy,contempt"
/home/ubuntu/cohn-kanade-images/S107,/home/ubuntu/cohn-kanade-images/S107/003,/home/ubuntu/cohn-kanade-images/S107/003/S107_003_00000021.png,surprise,"sadness,anger,fear,happy,contempt"
/home/ubuntu/cohn-kanade-images/S107,/home/ubuntu/cohn-kanade-images/S107/004,/home/ubuntu/cohn-kanade-images/S107/004/S107_004_00000011.png,fear,"sadness,anger,fear,happy,contempt"
/home/ubuntu/cohn-kanade-images/S107,/home/ubuntu/cohn-kanade-images/S107/006,/home/ubuntu/cohn-kanade-images/S107/006/S107_006_00000009.png,sadness,"sadness,anger,fear,happy,contempt"
/home/ubuntu/cohn-kanade-images/S108,/home/ubuntu/cohn-kanade-images/S108/002,/home/ubuntu/cohn-kanade-images/S108/002/S108_002_00000017.png,sadness,"anger,fear,surprise,contempt"
/home/ubuntu/cohn-kanade-images/S108,/home/ubuntu/cohn-kanade-images/S108/003,/home/ubuntu/cohn-kanade-images/S108/003/S108_003_00000015.png,contempt,"anger,fear,surprise,contempt"
/home/ubuntu/cohn-kanade-images/S108,/home/ubuntu/cohn-kanade-images/S108/004,/home/ubuntu/cohn-kanade-images/S108/004/S108_004_00000019.png,surprise,"anger,fear,surprise,contempt"
/home/ubuntu/cohn-kanade-images/S108,/home/ubuntu/cohn-kanade-images/S108/007,/home/ubuntu/cohn-kanade-images/S108/007/S108_007_00000008.png,anger,"anger,fear,surprise,contempt"
/home/ubuntu/cohn-kanade-images/S109,/home/ubuntu/cohn-kanade-images/S109/001,/home/ubuntu/cohn-kanade-images/S109/001/S109_001_00000021.png,happy,"sadness,surprise,fear,contempt"
/home/ubuntu/cohn-kanade-images/S109,/home/ubuntu/cohn-kanade-images/S109/002,/home/ubuntu/cohn-kanade-images/S109/002/S109_002_00000007.png,contempt,"sadness,surprise,fear,contempt"
/home/ubuntu/cohn-kanade-images/S109,/home/ubuntu/cohn-kanade-images/S109/004,/home/ubuntu/cohn-kanade-images/S109/004/S109_004_00000013.png,anger,"sadness,surprise,fear,contempt"
/home/ubuntu/cohn-kanade-images/S110,/home/ubuntu/cohn-kanade-images/S110/002,/home/ubuntu/cohn-kanade-images/S110/002/S110_002_00000023.png,fear,"fear,happy,anger,contempt,sadness,disgust"
/home/ubuntu/cohn-kanade-images/S110,/home/ubuntu/cohn-kanade-images/S110/003,/home/ubuntu/cohn-kanade-images/S110/003/S110_003_00000013.png,sadness,"fear,happy,anger,contempt,sadness,disgust"
/home/ubuntu/cohn-kanade-images/S110,/home/ubuntu/cohn-kanade-images/S110/004,/home/ubuntu/cohn-kanade-images/S110/004/S110_004_00000009.png,contempt,"fear,happy,anger,contempt,sadness,disgust"
/home/ubuntu/cohn-kanade-images/S110,/home/ubuntu/cohn-kanade-images/S110/005,/home/ubuntu/cohn-kanade-images/S110/005/S110_005_00000024.png,surprise,"fear,happy,anger,contempt,sadness,disgust"
/home/ubuntu/cohn-kanade-images/S110,/home/ubuntu/cohn-kanade-images/S110/006,/home/ubuntu/cohn-kanade-images/S110/006/S110_006_00000027.png,anger,"fear,happy,anger,contempt,sadness,disgust"
/home/ubuntu/cohn-kanade-images/S110,/home/ubuntu/cohn-kanade-images/S110/007,/home/ubuntu/cohn-kanade-images/S110/007/S110_007_00000029.png,happy,"fear,happy,anger,contempt,sadness,disgust"
/home/ubuntu/cohn-kanade-images/S111,/home/ubuntu/cohn-kanade-images/S111/002,/home/ubuntu/cohn-kanade-images/S111/002/S111_002_00000015.png,happy,"sadness,fear,happy,contempt"
/home/ubuntu/cohn-kanade-images/S111,/home/ubuntu/cohn-kanade-images/S111/003,/home/ubuntu/cohn-kanade-images/S111/003/S111_003_00000012.png,happy,"sadness,fear,happy,contempt"
/home/ubuntu/cohn-kanade-images/S111,/home/ubuntu/cohn-kanade-images/S111/004,/home/ubuntu/cohn-kanade-images/S111/004/S111_004_00000010.png,fear,"sadness,fear,happy,contempt"
/home/ubuntu/cohn-kanade-images/S111,/home/ubuntu/cohn-kanade-images/S111/005,/home/ubuntu/cohn-kanade-images/S111/005/S111_005_00000011.png,surprise,"sadness,fear,happy,contempt"
/home/ubuntu/cohn-kanade-images/S112,/home/ubuntu/cohn-kanade-images/S112/001,/home/ubuntu/cohn-kanade-images/S112/001/S112_001_00000022.png,contempt,"fear,happy,contempt,sadness,surprise,disgust"
/home/ubuntu/cohn-kanade-images/S112,/home/ubuntu/cohn-kanade-images/S112/002,/home/ubuntu/cohn-kanade-images/S112/002/S112_002_00000014.png,fear,"fear,happy,contempt,sadness,surprise,disgust"
/home/ubuntu/cohn-kanade-images/S112,/home/ubuntu/cohn-kanade-images/S112/003,/home/ubuntu/cohn-kanade-images/S112/003/S112_003_00000014.png,anger,"fear,happy,contempt,sadness,surprise,disgust"
/home/ubuntu/cohn-kanade-images/S112,/home/ubuntu/cohn-kanade-images/S112/004,/home/ubuntu/cohn-kanade-images/S112/004/S112_004_00000016.png,happy,"fear,happy,contempt,sadness,surprise,disgust"
/home/ubuntu/cohn-kanade-images/S113,/home/ubuntu/cohn-kanade-images/S113/002,/home/ubuntu/cohn-kanade-images/S113/002/S113_002_00000019.png,fear,"fear,disgust,happy,contempt"
/home/ubuntu/cohn-kanade-images/S113,/home/ubuntu/cohn-kanade-images/S113/004,/home/ubuntu/cohn-kanade-images/S113/004/S113_004_00000023.png,happy,"fear,disgust,happy,contempt"
/home/ubuntu/cohn-kanade-images/S113,/home/ubuntu/cohn-kanade-images/S113/005,/home/ubuntu/cohn-kanade-images/S113/005/S113_005_00000008.png,sadness,"fear,disgust,happy,contempt"
/home/ubuntu/cohn-kanade-images/S113,/home/ubuntu/cohn-kanade-images/S113/006,/home/ubuntu/cohn-kanade-images/S113/006/S113_006_00000021.png,contempt,"fear,disgust,happy,contempt"
/home/ubuntu/cohn-kanade-images/S113,/home/ubuntu/cohn-kanade-images/S113/007,/home/ubuntu/cohn-kanade-images/S113/007/S113_007_00000042.png,surprise,"fear,disgust,happy,contempt"
/home/ubuntu/cohn-kanade-images/S114,/home/ubuntu/cohn-kanade-images/S114/002,/home/ubuntu/cohn-kanade-images/S114/002/S114_002_00000016.png,happy,"sadness,anger,fear,disgust,contempt"
/home/ubuntu/cohn-kanade-images/S114,/home/ubuntu/cohn-kanade-images/S114/003,/home/ubuntu/cohn-kanade-images/S114/003/S114_003_00000010.png,anger,"sadness,anger,fear,disgust,contempt"
/home/ubuntu/cohn-kanade-images/S114,/home/ubuntu/cohn-kanade-images/S114/004,/home/ubuntu/cohn-kanade-images/S114/004/S114_004_00000021.png,contempt,"sadness,anger,fear,disgust,contempt"
/home/ubuntu/cohn-kanade-images/S114,/home/ubuntu/cohn-kanade-images/S114/005,/home/ubuntu/cohn-kanade-images/S114/005/S114_005_00000022.png,surprise,"sadness,anger,fear,disgust,contempt"
/home/ubuntu/cohn-kanade-images/S115,/home/ubuntu/cohn-kanade-images/S115/002,/home/ubuntu/cohn-kanade-images/S115/002/S115_002_00000024.png,anger,"anger,fear,disgust,contempt"
/home/ubuntu/cohn-kanade-images/S115,/home/ubuntu/cohn-kanade-images/S115/003,/home/ubuntu/cohn-kanade-images/S115/003/S115_003_00000013.png,fear,"anger,fear,disgust,contempt"
/home/ubuntu/cohn-kanade-images/S115,/home/ubuntu/cohn-kanade-images/S115/005,/home/ubuntu/cohn-kanade-images/S115/005/S115_005_00000015.png,happy,"anger,fear,disgust,contempt"
/home/ubuntu/cohn-kanade-images/S115,/home/ubuntu/cohn-kanade-images/S115/006,/home/ubuntu/cohn-kanade-images/S115/006/S115_006_00000017.png,sadness,"anger,fear,disgust,contempt"
/home/ubuntu/cohn-kanade-images/S115,/home/ubuntu/cohn-kanade-images/S115/007,/home/ubuntu/cohn-kanade-images/S115/007/S115_007_00000023.png,contempt,"anger,fear,disgust,contempt"
/home/ubuntu/cohn-kanade-images/S116,/home/ubuntu/cohn-kanade-images/S116/002,/home/ubuntu/cohn-kanade-images/S116/002/S116_002_00000008.png,happy,"sadness,anger,fear,contempt"
/home/ubuntu/cohn-kanade-images/S116,/home/ubuntu/cohn-kanade-images/S116/003,/home/ubuntu/cohn-kanade-images/S116/003/S116_003_00000004.png,contempt,"sadness,anger,fear,contempt"
/home/ubuntu/cohn-kanade-images/S116,/home/ubuntu/cohn-kanade-images/S116/004,/home/ubuntu/cohn-kanade-images/S116/004/S116_004_00000015.png,surprise,"sadness,anger,fear,contempt"
/home/ubuntu/cohn-kanade-images/S116,/home/ubuntu/cohn-kanade-images/S116/005,/home/ubuntu/cohn-kanade-images/S116/005/S116_005_00000017.png,sadness,"sadness,anger,fear,contempt"
/home/ubuntu/cohn-kanade-images/S117,/home/ubuntu/cohn-kanade-images/S117/002,/home/ubuntu/cohn-kanade-images/S117/002/S117_002_00000017.png,sadness,"sadness,contempt,disgust,happy"
/home/ubuntu/cohn-kanade-images/S117,/home/ubuntu/cohn-kanade-images/S117/004,/home/ubuntu/cohn-kanade-images/S117/004/S117_004_00000011.png,anger,"sadness,contempt,disgust,happy"
/home/ubuntu/cohn-kanade-images/S117,/home/ubuntu/cohn-kanade-images/S117/005,/home/ubuntu/cohn-kanade-images/S117/005/S117_005_00000013.png,contempt,"sadness,contempt,disgust,happy"
/home/ubuntu/cohn-kanade-images/S117,/home/ubuntu/cohn-kanade-images/S117/007,/home/ubuntu/cohn-kanade-images/S117/007/S117_007_00000016.png,happy,"sadness,contempt,disgust,happy"
/home/ubuntu/cohn-kanade-images/S118,/home/ubuntu/cohn-kanade-images/S118/001,/home/ubuntu/cohn-kanade-images/S118/001/S118_001_00000016.png,surprise,"sadness,surprise,fear,happy,anger,contempt,disgust"
/home/ubuntu/cohn-kanade-images/S118,/home/ubuntu/cohn-kanade-images/S118/002,/home/ubuntu/cohn-kanade-images/S118/002/S118_002_00000012.png,happy,"sadness,surprise,fear,happy,anger,contempt,disgust"
/home/ubuntu/cohn-kanade-images/S118,/home/ubuntu/cohn-kanade-images/S118/003,/home/ubuntu/cohn-kanade-images/S118/003/S118_003_00000014.png,contempt,"sadness,surprise,fear,happy,anger,contempt,disgust"
/home/ubuntu/cohn-kanade-images/S118,/home/ubuntu/cohn-kanade-images/S118/004,/home/ubuntu/cohn-kanade-images/S118/004/S118_004_00000012.png,fear,"sadness,surprise,fear,happy,anger,contempt,disgust"
/home/ubuntu/cohn-kanade-images/S118,/home/ubuntu/cohn-kanade-images/S118/005,/home/ubuntu/cohn-kanade-images/S118/005/S118_005_00000026.png,sadness,"sadness,surprise,fear,happy,anger,contempt,disgust"
/home/ubuntu/cohn-kanade-images/S118,/home/ubuntu/cohn-kanade-images/S118/006,/home/ubuntu/cohn-kanade-images/S118/006/S118_006_00000015.png,anger,"sadness,surprise,fear,happy,anger,contempt,disgust"
/home/ubuntu/cohn-kanade-images/S119,/home/ubuntu/cohn-kanade-images/S119/002,/home/ubuntu/cohn-kanade-images/S119/002/S119_002_00000024.png,sadness,"sadness,contempt,disgust,happy"
/home/ubuntu/cohn-kanade-images/S119,/home/ubuntu/cohn-kanade-images/S119/004,/home/ubuntu/cohn-kanade-images/S119/004/S119_004_00000014.png,surprise,"sadness,contempt,disgust,happy"
/home/ubuntu/cohn-kanade-images/S119,/home/ubuntu/cohn-kanade-images/S119/005,/home/ubuntu/cohn-kanade-images/S119/005/S119_005_00000017.png,happy,"sadness,contempt,disgust,happy"
/home/ubuntu/cohn-kanade-images/S119,/home/ubuntu/cohn-kanade-images/S119/006,/home/ubuntu/cohn-kanade-images/S119/006/S119_006_00000016.png,contempt,"sadness,contempt,disgust,happy"
/home/ubuntu/cohn-kanade-images/S119,/home/ubuntu/cohn-kanade-images/S119/007,/home/ubuntu/cohn-kanade-images/S119/007/S119_007_00000014.png,anger,"sadness,contempt,disgust,happy"
/home/ubuntu/cohn-kanade-images/S120,/home/ubuntu/cohn-kanade-images/S120/001,/home/ubuntu/cohn-kanade-images/S120/001/S120_001_00000014.png,sadness,"sadness,surprise,fear,happy,anger,contempt,disgust"
/home/ubuntu/cohn-kanade-images/S120,/home/ubuntu/cohn-kanade-images/S120/002,/home/ubuntu/cohn-kanade-images/S120/002/S120_002_00000020.png,anger,"sadness,surprise,fear,happy,anger,contempt,disgust"
/home/ubuntu/cohn-kanade-images/S121,/home/ubuntu/cohn-kanade-images/S121/001,/home/ubuntu/cohn-kanade-images/S121/001/S121_001_00000016.png,happy,"sadness,surprise,fear,happy,anger,contempt,disgust"
/home/ubuntu/cohn-kanade-images/S121,/home/ubuntu/cohn-kanade-images/S121/002,/home/ubuntu/cohn-kanade-images/S121/002/S121_002_00000017.png,anger,"sadness,surprise,fear,happy,anger,contempt,disgust"
/home/ubuntu/cohn-kanade-images/S121,/home/ubuntu/cohn-kanade-images/S121/003,/home/ubuntu/cohn-kanade-images/S121/003/S121_003_00000018.png,fear,"sadness,surprise,fear,happy,anger,contempt,disgust"
/home/ubuntu/cohn-kanade-images/S121,/home/ubuntu/cohn-kanade-images/S121/004,/home/ubuntu/cohn-kanade-images/S121/004/S121_004_00000011.png,anger,"sadness,surprise,fear,happy,anger,contempt,disgust"
/home/ubuntu/cohn-kanade-images/S121,/home/ubuntu/cohn-kanade-images/S121/005,/home/ubuntu/cohn-kanade-images/S121/005/S121_005_00000014.png,contempt,"sadness,surprise,fear,happy,anger,contempt,disgust"
/home/ubuntu/cohn-kanade-images/S122,/home/ubuntu/cohn-kanade-images/S122/002,/home/ubuntu/cohn-kanade-images/S122/002/S122_002_00000015.png,fear,"fear,happy,anger,contempt,sadness,disgust"
/home/ubuntu/cohn-kanade-images/S122,/home/ubuntu/cohn-kanade-images/S122/004,/home/ubuntu/cohn-kanade-images/S122/004/S122_004_00000017.png,sadness,"fear,happy,anger,contempt,sadness,disgust"
/home/ubuntu/cohn-kanade-images/S122,/home/ubuntu/cohn-kanade-images/S122/005,/home/ubuntu/cohn-kanade-images/S122/005/S122_005_00000034.png,contempt,"fear,happy,anger,contempt,sadness,disgust"
/home/ubuntu/cohn-kanade-images/S124,/home/ubuntu/cohn-kanade-images/S124/002,/home/ubuntu/cohn-kanade-images/S124/002/S124_002_00000017.png,sadness,"sadness,anger,contempt"
/home/ubuntu/cohn-kanade-images/S124,/home/ubuntu/cohn-kanade-images/S124/004,/home/ubuntu/cohn-kanade-images/S124/004/S124_004_00000029.png,happy,"sadness,anger,contempt"
/home/ubuntu/cohn-kanade-images/S124,/home/ubuntu/cohn-kanade-images/S124/005,/home/ubuntu/cohn-kanade-images/S124/005/S124_005_00000043.png,contempt,"sadness,anger,contempt"
/home/ubuntu/cohn-kanade-images/S125,/home/ubuntu/cohn-kanade-images/S125/002,/home/ubuntu/cohn-kanade-images/S125/002/S125_002_00000017.png,happy,"anger,contempt"
/home/ubuntu/cohn-kanade-images/S125,/home/ubuntu/cohn-kanade-images/S125/003,/home/ubuntu/cohn-kanade-images/S125/003/S125_003_00000008.png,sadness,"anger,contempt"
/home/ubuntu/cohn-kanade-images/S125,/home/ubuntu/cohn-kanade-images/S125/004,/home/ubuntu/cohn-kanade-images/S125/004/S125_004_00000014.png,anger,"anger,contempt"
/home/ubuntu/cohn-kanade-images/S126,/home/ubuntu/cohn-kanade-images/S126/001,/home/ubuntu/cohn-kanade-images/S126/001/S126_001_00000037.png,sadness,"sadness,fear,disgust,happy,contempt"
/home/ubuntu/cohn-kanade-images/S126,/home/ubuntu/cohn-kanade-images/S126/002,/home/ubuntu/cohn-kanade-images/S126/002/S126_002_00000021.png,anger,"sadness,fear,disgust,happy,contempt"
/home/ubuntu/cohn-kanade-images/S127,/home/ubuntu/cohn-kanade-images/S127/002,/home/ubuntu/cohn-kanade-images/S127/002/S127_002_00000026.png,happy,"sadness,fear,disgust,contempt"
/home/ubuntu/cohn-kanade-images/S127,/home/ubuntu/cohn-kanade-images/S127/003,/home/ubuntu/cohn-kanade-images/S127/003/S127_003_00000015.png,contempt,"sadness,fear,disgust,contempt"
/home/ubuntu/cohn-kanade-images/S128,/home/ubuntu/cohn-kanade-images/S128/001,/home/ubuntu/cohn-kanade-images/S128/001/S128_001_00000024.png,happy,"sadness,anger,fear,surprise,contempt"
/home/ubuntu/cohn-kanade-images/S128,/home/ubuntu/cohn-kanade-images/S128/002,/home/ubuntu/cohn-kanade-images/S128/002/S128_002_00000010.png,happy,"sadness,anger,fear,surprise,contempt"
/home/ubuntu/cohn-kanade-images/S128,/home/ubuntu/cohn-kanade-images/S128/003,/home/ubuntu/cohn-kanade-images/S128/003/S128_003_00000010.png,contempt,"sadness,anger,fear,surprise,contempt"
/home/ubuntu/cohn-kanade-images/S128,/home/ubuntu/cohn-kanade-images/S128/005,/home/ubuntu/cohn-kanade-images/S128/005/S128_005_00000014.png,fear,"sadness,anger,fear,surprise,contempt"
/home/ubuntu/cohn-kanade-images/S129,/home/ubuntu/cohn-kanade-images/S129/001,/home/ubuntu/cohn-kanade-images/S129/001/S129_001_00000011.png,contempt,"sadness,fear,contempt"
/home/ubuntu/cohn-kanade-images/S129,/home/ubuntu/cohn-kanade-images/S129/003,/home/ubuntu/cohn-kanade-images/S129/003/S129_003_00000024.png,happy,"sadness,fear,contempt"
/home/ubuntu/cohn-kanade-images/S129,/home/ubuntu/cohn-kanade-images/S129/004,/home/ubuntu/cohn-kanade-images/S129/004/S129_004_00000015.png,anger,"sadness,fear,contempt"
/home/ubuntu/cohn-kanade-images/S129,/home/ubuntu/cohn-kanade-images/S129/005,/home/ubuntu/cohn-kanade-images/S129/005/S129_005_00000019.png,fear,"sadness,fear,contempt"
/home/ubuntu/cohn-kanade-images/S129,/home/ubuntu/cohn-kanade-images/S129/007,/home/ubuntu/cohn-kanade-images/S129/007/S129_007_00000004.png,surprise,"sadness,fear,contempt"
/home/ubuntu/cohn-kanade-images/S130,/home/ubuntu/cohn-kanade-images/S130/002,/home/ubuntu/cohn-kanade-images/S130/002/S130_002_00000030.png,fear,"fear,contempt"
/home/ubuntu/cohn-kanade-images/S130,/home/ubuntu/cohn-kanade-images/S130/003,/home/ubuntu/cohn-kanade-images/S130/003/S130_003_00000028.png,happy,"fear,contempt"
/home/ubuntu/cohn-kanade-images/S130,/home/ubuntu/cohn-kanade-images/S130/004,/home/ubuntu/cohn-kanade-images/S130/004/S130_004_00000019.png,sadness,"fear,contempt"
/home/ubuntu/cohn-kanade-images/S130,/home/ubuntu/cohn-kanade-images/S130/005,/home/ubuntu/cohn-kanade-images/S130/005/S130_005_00000009.png,anger,"fear,contempt"
/home/ubuntu/cohn-kanade-images/S130,/home/ubuntu/cohn-kanade-images/S130/006,/home/ubuntu/cohn-kanade-images/S130/006/S130_006_00000032.png,surprise,"fear,contempt"
/home/ubuntu/cohn-kanade-images/S130,/home/ubuntu/cohn-kanade-images/S130/008,/home/ubuntu/cohn-kanade-images/S130/008/S130_008_00000019.png,disgust,"fear,contempt"
/home/ubuntu/cohn-kanade-images/S131,/home/ubuntu/cohn-kanade-images/S131/002,/home/ubuntu/cohn-kanade-images/S131/002/S131_002_00000024.png,sadness,"anger,fear,contempt"
/home/ubuntu/cohn-kanade-images/S131,/home/ubuntu/cohn-kanade-images/S131/004,/home/ubuntu/cohn-kanade-images/S131/004/S131_004_00000005.png,contempt,"anger,fear,contempt"
/home/ubuntu/cohn-kanade-images/S131,/home/ubuntu/cohn-kanade-images/S131/005,/home/ubuntu/cohn-kanade-images/S131/005/S131_005_00000010.png,surprise,"anger,fear,contempt"
/home/ubuntu/cohn-kanade-images/S131,/home/ubuntu/cohn-kanade-images/S131/007,/home/ubuntu/cohn-kanade-images/S131/007/S131_007_00000014.png,happy,"anger,fear,contempt"
/home/ubuntu/cohn-kanade-images/S132,/home/ubuntu/cohn-kanade-images/S132/001,/home/ubuntu/cohn-kanade-images/S132/001/S132_001_00000011.png,sadness,"anger,contempt"
/home/ubuntu/cohn-kanade-images/S132,/home/ubuntu/cohn-kanade-images/S132/004,/home/ubuntu/cohn-kanade-images/S132/004/S132_004_00000015.png,contempt,"anger,contempt"
/home/ubuntu/cohn-kanade-images/S132,/home/ubuntu/cohn-kanade-images/S132/007,/home/ubuntu/cohn-kanade-images/S132/007/S132_007_00000019.png,happy,"anger,contempt"
/home/ubuntu/cohn-kanade-images/S133,/home/ubuntu/cohn-kanade-images/S133/001,/home/ubuntu/cohn-kanade-images/S133/001/S133_001_00000029.png,happy,"sadness,fear,disgust,contempt"
/home/ubuntu/cohn-kanade-images/S133,/home/ubuntu/cohn-kanade-images/S133/002,/home/ubuntu/cohn-kanade-images/S133/002/S133_002_00000020.png,sadness,"sadness,fear,disgust,contempt"
/home/ubuntu/cohn-kanade-images/S133,/home/ubuntu/cohn-kanade-images/S133/004,/home/ubuntu/cohn-kanade-images/S133/004/S133_004_00000015.png,anger,"sadness,fear,disgust,contempt"
/home/ubuntu/cohn-kanade-images/S134,/home/ubuntu/cohn-kanade-images/S134/001,/home/ubuntu/cohn-kanade-images/S134/001/S134_001_00000023.png,contempt,"sadness,surprise,fear,contempt"
/home/ubuntu/cohn-kanade-images/S134,/home/ubuntu/cohn-kanade-images/S134/002,/home/ubuntu/cohn-kanade-images/S134/002/S134_002_00000017.png,surprise,"sadness,surprise,fear,contempt"
/home/ubuntu/cohn-kanade-images/S135,/home/ubuntu/cohn-kanade-images/S135/002,/home/ubuntu/cohn-kanade-images/S135/002/S135_002_00000019.png,happy,"sadness,anger,fear,disgust,contempt"
/home/ubuntu/cohn-kanade-images/S135,/home/ubuntu/cohn-kanade-images/S135/003,/home/ubuntu/cohn-kanade-images/S135/003/S135_003_00000013.png,anger,"sadness,anger,fear,disgust,contempt"
/home/ubuntu/cohn-kanade-images/S135,/home/ubuntu/cohn-kanade-images/S135/004,/home/ubuntu/cohn-kanade-images/S135/004/S135_004_00000016.png,surprise,"sadness,anger,fear,disgust,contempt"
/home/ubuntu/cohn-kanade-images/S136,/home/ubuntu/cohn-kanade-images/S136/002,/home/ubuntu/cohn-kanade-images/S136/002/S136_002_00000012.png,fear,"fear,disgust,contempt"
/home/ubuntu/cohn-kanade-images/S136,/home/ubuntu/cohn-kanade-images/S136/004,/home/ubuntu/cohn-kanade-images/S136/004/S136_004_00000015.png,disgust,"fear,disgust,contempt"
/home/ubuntu/cohn-kanade-images/S137,/home/ubuntu/cohn-kanade-images/S137/002,/home/ubuntu/cohn-kanade-images/S137/002/S137_002_00000015.png,happy,"anger,fear,disgust,contempt"
/home/ubuntu/cohn-kanade-images/S137,/home/ubuntu/cohn-kanade-images/S137/003,/home/ubuntu/cohn-kanade-images/S137/003/S137_003_00000007.png,contempt,"anger,fear,disgust,contempt"
/home/ubuntu/cohn-kanade-images/S137,/home/ubuntu/cohn-kanade-images/S137/004,/home/ubuntu/cohn-kanade-images/S137/004/S137_004_00000006.png,fear,"anger,fear,disgust,contempt"
/home/ubuntu/cohn-kanade-images/S138,/home/ubuntu/cohn-kanade-images/S138/002,/home/ubuntu/cohn-kanade-images/S138/002/S138_002_00000011.png,fear,"anger,disgust"
/home/ubuntu/cohn-kanade-images/S138,/home/ubuntu/cohn-kanade-images/S138/003,/home/ubuntu/cohn-kanade-images/S138/003/S138_003_00000009.png,surprise,"anger,disgust"
/home/ubuntu/cohn-kanade-images/S138,/home/ubuntu/cohn-kanade-images/S138/006,/home/ubuntu/cohn-kanade-images/S138/006/S138_006_00000012.png,happy,"anger,disgust"
